
INSERT INTO  "Compétences" VALUES ('Communication');
INSERT INTO  "Compétences" VALUES ('Conseil');
INSERT INTO  "Compétences" VALUES ('Innovation');
INSERT INTO  "Compétences" VALUES ('Management');
INSERT INTO  "Compétences" VALUES ('Science');


INSERT INTO "Apprentissage" VALUES ('Se présenter efficacement.', 'Lors d’une conférence, d’une rencontre informelle, d’un salon ou d’un entretien d’embauche.', true, false, 'Se présenter soi-même et ses faits d’armes rapidement.', 'Intermédiaire', 'Communication', 8);
INSERT INTO "Apprentissage" VALUES ('Ecrire dans un français professionnel.', 'Ne pas utiliser de mots familiers.', true, false, 'Utiliser un vocabulaire adapté au monde de l''entreprise à l''écrit, vérifier l''orthographe, faire un effort de style.', 'Intermédiaire', 'Communication', 8);
INSERT INTO "Apprentissage" VALUES ('Faire le pitch d''un projet.', 'Elevator pitch.', true, false, 'Résumer un projet dans un temps très court en donnant envie d''en savoir plus.', 'Intermédiaire', 'Communication', 8);
INSERT INTO "Apprentissage" VALUES ('Faire une présentation à l''oral de qualité professionnelle en français.', 'Ne pas utiliser de mot familier, faire attention au us de langage oral et corporel.', true, true, 'Utiliser un vocabulaire adapté au monde de l''entreprise à l''oral, simplifier les acronymes, garder le vocabulaire sans termes pour initiés, exploiter le support, savoir garder l''attention du  ', 'Compétent', 'Communication', 8);
INSERT INTO  "Apprentissage" VALUES ('Faire une présentation à l''oral de qualité professionnelle en anglais.', 'Ne pas traduire du francais, utiliser les tournures de phrases anglaises.', true, true, 'Utiliser un vocabulaire adapté au monde de l''entreprise à l''oral en anglais, avoir une bonne diction et un rythme fluide. Il n''est pas nécessaire d''avoir un vocabulaire soutenu pour le niveau PRO, le but est d''être compris par tous.', 'Compétent', 'Communication', 8);
INSERT INTO  "Apprentissage" VALUES ('Produire un livrable de qualité professionnelle.', 'Produire une charte graphique, une fiche référentiel.', true, true, 'Travailler un rendu dans la recherche d’une amélioration esthétique, d''une perfection orthographique et grammaticale.', 'Compétent', 'Communication', 8);
INSERT INTO  "Apprentissage" VALUES ('Ecrire dans un anglais soutenu / pro.', 'Ne pas traduire du francais, utiliser les tournures de phrases anglaises.', true, true, 'Utiliser un vocabulaire adapté au monde de l''entreprise à l''écrit en anglais, attention à la grammaire.', 'Compétent', 'Communication', 9);
INSERT INTO  "Apprentissage" VALUES ('Animer un débat.', 'Débat au sein d’une réunion de respo.', false, true, 'Être l''animateur d''un débat entre plusieurs partis.', 'Compétent', 'Communication', 9);
INSERT INTO  "Apprentissage" VALUES ('Adapter le contenu d''un livrable au public cible.', 'Garder une haute technicité pour un public renseigné, vulgariser pour un public non-initié et adapter le niveau de langage.', false, false, 'Mettre tout en oeuvre pour que la présentation soit compréhensible et respectueuse pour le public cible, choisir le format de livrable adapté.', 'Compétent', 'Communication', 9);
INSERT INTO  "Apprentissage" VALUES ('Mener à bien une négociation.', 'Représenter son entreprise lors de la négociation d''un contrat.', false, false, 'Arriver à ses objectifs au terme d''une négociation.', 'Avancé', 'Communication', 9);
INSERT INTO  "Apprentissage" VALUES ('Animer une conférence.', 'TED talks.', false, false, 'Animer une conférence seul sur scène avec un large public sur un sujet pointu.', 'Avancé', 'Communication', 9);
INSERT INTO  "Apprentissage" VALUES ('Contacter des experts.', 'Demander des informations sur le COVID à un chercheur spécialisé.', true, false, 'Contacter des personnes ayant de l''autorité dans leur domaine.', 'Intermédiaire', 'Conseil', 8);
INSERT INTO  "Apprentissage" VALUES ('Sélectionner des sources d''information qualifiées.', 'Fiable: AFP ou Statista.', true, true, 'Certaines sources ne sont pas fiables car biaisées par des intérêts politiques ou économiques: les sources d’information sont à choisir avec attention. Quand les sources sont présentées, elles doivent aussi être “qualifiées”. Mettre en avant une à trois sources.', 'Compétent', 'Conseil', 8);
INSERT INTO  "Apprentissage" VALUES ('Réaliser un benchmark et / ou état de l’art.', 'Qualifiée: Cette source est polémique/basique/pour aller plus loin.', true, true, 'Comparer différentes solutions sur plusieurs critères dans l’optique d’orienter un choix dans un contexte précis.', 'Compétent', 'Conseil', 8);
INSERT INTO  "Apprentissage" VALUES ('Identifier les besoins d’un client.', 'Un benchmark des langages informatiques peut permettre de connaître le langage le plus optimisé en systèmes embarqués et en Back-End.', true, true, 'Questionner un client pour obtenir les critères qui permettent de déterminer si un projet sera réussi ou non (périmètre, livrable etc…)', 'Compétent', 'Conseil', 8);
INSERT INTO  "Apprentissage" VALUES ('Décomposer un projet en sous taches et les estimer en charge de travail.', 'Questionner Philippe Dewost sur le périmètre du projet web scrapping.', true, true, 'Après avoir imaginé un projet, être capable de le décomposer en sous-tâches atomiques. Tenter d’évaluer en jours / Homme ces tâches. L’évaluation n’a pas besoin d’être très bonne.', 'Compétent', 'Conseil', 8);
INSERT INTO  "Apprentissage" VALUES ('Appliquer une méthodologie de conseil.', 'Faire la liste des tâches chiffrables du projet d’IOT au sein des autoroutes de Colas.', true, true, 'Définir le problème (écouter et clarifier), analyser (plan), obtenir des données, synthétiser et livrer,  et potentiellement faire le buy-in (faire accepter la solution retenue). Toute la démarche doit être faite mais pas besoin de tout faire sois-même pour valider.', 'Compétent', 'Conseil', 8);
INSERT INTO  "Apprentissage" VALUES ('Réaliser une analyse systémique.', 'Application d’une méthodologie de conseil au sein d’un projet ICE.', true, true, 'Savoir choisir les outils d’analyse et interpréter leurs résultats.', 'Compétent', 'Conseil', 9);
INSERT INTO  "Apprentissage" VALUES ('Analyse des stratégies d''acteurs', 'Faire l''organigramme de la société ou compter l''occurrence des mots utilisés lors des entretiens pour trouver les problèmes organisationnels au sein d''une entreprise.', true, true, 'À l''issue d''entretiens semi-directifs, savoir définir les objectifs, les enjeux et les stratégies prévisibles d''au moins 5 acteurs.', 'Compétent', 'Conseil', 9);
INSERT INTO  "Apprentissage" VALUES ('Mener un entretien semi-directif.', 'Tableau d’analyse des acteurs de la série Game Of Thrones.', true, true, 'Garder la main et inciter l’interlocuteur à parler en le dirigeant vers des sujets pertinents.', 'Compétent', 'Conseil', 9);
INSERT INTO  "Apprentissage" VALUES ('Avoir une position critique par rapport à l’objet', 'Ne pas poser de questions fermées et relancer le dialogue.', true, true, NULL, 'Compétent', 'Conseil', 9);
INSERT INTO  "Apprentissage" VALUES ('Identifier les considérations éthiques à aborder.', NULL, false, true, 'Lors d''une mission de conseil, il peut être important de se poser des questions sur l''éthique de l''entreprise et/ou de la solution proposée.', 'Compétent', 'Conseil', 9);
INSERT INTO  "Apprentissage" VALUES ('Faire la matrice probabilité / impact des risques.', 'La souffrance animale ou les inégalités sociales.', false, true, 'Savoir classifier les risques selon leur probabilité et leur impact sur une matrice.', 'Compétent', 'Conseil', 9);
INSERT INTO  "Apprentissage" VALUES ('Concevoir une stratégie de gestion de risques (en étant autonome et / ou responsable).', 'Un problème bloquant a souvent un impact élevé.', false, true, 'Être le responsable sur la gestion de risque d''un projet professionnel, sans référent.', 'Compétent', 'Conseil', 9);
INSERT INTO  "Apprentissage" VALUES ('Analyser une entreprise à travers son dépôt de code.', 'Définir les risques et les plans d''action y répondant lors de la mise en place d''un projet.', false, true, 'Savoir où chercher dans un dépôt de code pour analyser la philosophie ou les dynamiques organisationnelles d’une entreprise.', 'Compétent', 'Conseil', 9);
INSERT INTO  "Apprentissage" VALUES ('Réaliser un cahier des charges professionnel.', 'Débat houleux sur une merge request.', false, true, 'Savoir réaliser un cahier des charges professionnel qui soit fonctionnel, technique ou technico-fonctionnel.', 'Compétent', 'Conseil', 9);
INSERT INTO  "Apprentissage" VALUES ('Réaliser un échiquier stratégique.', 'Un cahier des charges peut comprendre les plannings et les coûts du projet.', false, false, 'Savoir classer les différents acteurs sur les échiquiers stratégiques.', 'Compétent', 'Conseil', 9);
INSERT INTO  "Apprentissage" VALUES ('Estimer avec précision la charge de travail d’une tâche.', 'L’échiquier peut être vu sur un axe politique, social ou économique.', true, false, 'Savoir chiffrer en jours / homme avec précision la charge de travail d’une tâche d’un projet préalablement décomposé, en se basant sur son expérience et les risques encourus.', 'Avancé', 'Conseil', 8);
INSERT INTO  "Apprentissage" VALUES ('Réaliser une mission de conseil sur un problème complexe.', 'Chiffrer la charge de travail de la création de l’UI d’un écran d’une application mobile.', true, false, 'Être responsable ou seul sur une mission de conseil, sans référent, dans le cadre d’un audit professionnel.', 'Avancé', 'Conseil', 9);
INSERT INTO  "Apprentissage" VALUES ('Evaluer la qualité des infrastructures.', 'Audit d''une entreprise.', false, false, 'Être capable de juger de la qualité d''une infrastructure informatique dans une entreprise.', 'Avancé', 'Conseil', 9);
INSERT INTO  "Apprentissage" VALUES ('Définir des personae', 'L’utilisateur jeune type veut que mon application soit rapide.', true, true, 'Réaliser un ensemble d’utilisateurs fictifs, au travers d’interviews et/ou de sondages, afin d’évaluer la pertinence du projet. Classer par ordre de pertinence au moins 3 personae', 'Intermédiaire', 'Innovation', 9);
INSERT INTO  "Apprentissage" VALUES ('Faire une étude de marché.', 'Faire un sondage auprès des prospects.', false, false, 'Faire une étude de marché.', 'Intermédiaire', 'Innovation', 9);
INSERT INTO  "Apprentissage" VALUES ('Préparer le lancement d''un projet.', 'Définir un objectif SMART ou rédiger une note d’intention.', true, true, 'Définir le cadre et l’objectif du projet avant de commencer sa réalisation.', 'Compétent', 'Innovation', 8);
INSERT INTO  "Apprentissage" VALUES ('Imaginer une solution technique.', 'Imaginer le fonctionnement et l’infrastructure d’une application mobile de visite de Paris.', true, true, 'À partir des informations d’un client, imaginer une solution technique innovante qui répond à ses besoins.', 'Compétent', 'Innovation', 8);
INSERT INTO  "Apprentissage" VALUES ('Etablir un Business Model.', 'Vendre un abonnement aux prestataires des utilisateurs terminaux plutôt que faire payer l’utilisation à ces derniers.', true, true, 'Déterminer la manière dont l''entreprise va gagner de l''argent.', 'Compétent', 'Innovation', 8);
INSERT INTO  "Apprentissage" VALUES ('Créer un parcours utilisateur.', 'Une journée type d’utilisation d’un produit.', true, false, 'Définir le parcours suivi par un client au cours de ses différentes interactions avec le projet.', 'Compétent', 'Innovation', 8);
INSERT INTO  "Apprentissage" VALUES ('Définir une stratégie d''entrée sur le marché.', 'Choisir la date et la façon dont le produit doit être présenté au client.', false, false, 'Identifier dans quel écosystème s''implantera le projet et de quelle façon il va s''y introduire.', 'Compétent', 'Innovation', 8);
INSERT INTO  "Apprentissage" VALUES ('Réaliser un projet innovant (en étant autonome et/ou responsable).', '???', true, true, 'Mener à bien un projet ambitieux en prenant en compte toutes ses dimensions.', 'Compétent', 'Innovation', 8);
INSERT INTO  "Apprentissage" VALUES ('Tester l''UX', NULL, true, true, 'avoir appliqué au moins deux techniques de testing', 'Compétent', 'Innovation', 9);
INSERT INTO  "Apprentissage" VALUES ('Réaliser une évaluation de l''UX', NULL, true, true, 'A partir d''un questionnaire UMUX-Lite ou d''un diagramme de Kano', 'Compétent', 'Innovation', 9);
INSERT INTO  "Apprentissage" VALUES ('Réaliser un entretien non directif en présentiel', NULL, true, false, NULL, 'Compétent', 'Innovation', 9);
INSERT INTO  "Apprentissage" VALUES ('Soutenir devant un jury ', NULL, true, false, NULL, 'Compétent', 'Innovation', 9);
INSERT INTO  "Apprentissage" VALUES ('Utiliser un tableau Moscow', NULL, true, false, 'Construire le tableau Moscow et classer les items de chaque catégorie par ordre de priorité', 'Compétent', 'Innovation', 9);
INSERT INTO  "Apprentissage" VALUES ('Restituer une synthèse à partir d''une enquête de terrain', NULL, true, false, NULL, 'Compétent', 'Innovation', 9);
INSERT INTO  "Apprentissage" VALUES ('Monter une stratégie de partenariat.', 'Conclure un partenariat avec un influenceur pour obtenir plus de visibilité.', false, false, 'Trouver et utiliser des partenaires qui pourraient aider dans la réalisation du projet.', 'Compétent', 'Innovation', 9);
INSERT INTO  "Apprentissage" VALUES ('Etablir un Business Plan.', 'Prévoir les coûts variables et établir les coûts fixes ainsi que les objectifs d’affaires pour rassurer les investisseurs.', false, false, 'Réaliser une prévision des coûts et prix de vente pour justifier la rentabilité d’une entreprise.', 'Avancé', 'Innovation', 9);
INSERT INTO  "Apprentissage" VALUES ('Constituer une', 'banque d’utiliser la', true, true, 'compréhension de', 'Compétent', 'Science', 9);
INSERT INTO  "Apprentissage" VALUES ('Motiver l''équipe.', 'Organiser des activités amusantes, encourager les membres ou s’assurer de leur bien-être.', true, false, 'Garder le moral de l''équipe au plus haut et pousser à la productivité.', 'Intermédiaire', 'Management', 8);
INSERT INTO  "Apprentissage" VALUES ('S''assurer de la bonne compréhension du travail à faire.', 'Réaliser un cahier des charges détaillé ou faire des réunions fréquemment.', true, false, 'Faire comprendre le projet de la même façon à l''ensemble de l''équipe.', 'Intermédiaire', 'Management', 8);
INSERT INTO  "Apprentissage" VALUES ('Diriger des réunions professionnelles.', 'Préparer une réunion de lancement d’un projet ICE.', true, true, 'Préparer un ordre du jour, distribuer la parole, s’assurer de la réalisation d’un compte-rendu.', 'Compétent', 'Management', 8);
INSERT INTO  "Apprentissage" VALUES ('Mettre en place un système de Knowledge Management', NULL, true, true, 'Mettre en place une famille d''outils, des méthodes et des modes d''organisation pour faciliter la conservation et surtout le partage des connaissances', 'Compétent', 'Management', 8);
INSERT INTO  "Apprentissage" VALUES ('Travailler en mode agile', 'Mettre en place la méthodologie agile du projet VV.', true, true, 'Au sein d’un projet, mettre en place une méthodologie qualifiée d’agile dans le but d’obtenir de meilleurs résultats qu’avec une méthodologie en V. Toute la team valide !', 'Compétent', 'Management', 8);
INSERT INTO  "Apprentissage" VALUES ('Gérer une équipe dans le cadre d''un projet en étant autonome et/ou responsable.', 'Être un Product Owner, un manager ou chef de projet sur un projet professionnel.', true, true, 'Être en position de chef d''équipe, sans référent, pour un projet professionnel.', 'Compétent', 'Management', 8);
INSERT INTO  "Apprentissage" VALUES ('Définir une méthodologie de travail pour le groupe.', 'Utiliser un Trello avec des tags et des deadlines, utiliser un document partagé ou donner les règles d’utilisation d''un Git.', true, true, 'Définir la marche à suivre pour effectuer des actions, cette méthode doit permettre la traçabilité.', 'Compétent', 'Management', 8);
INSERT INTO  "Apprentissage" VALUES ('Planifier un événement, une action, un projet.', NULL, true, true, 'Prévoir l’ensemble des actions à mener pour planifier un projet.', 'Compétent', 'Management', 8);
INSERT INTO  "Apprentissage" VALUES ('Maintenir une bonne cohésion de groupe.', 'Régler les dissensions.', true, false, 'Garder le groupe soudé jusqu''à la fin du projet.', 'Compétent', 'Management', 8);
INSERT INTO  "Apprentissage" VALUES ('Trancher en cas de conflit.', 'Choisir entre deux propositions de logo.', true, false, 'Choisir un parti lors d''un conflit interne et prendre une décision en conséquence.', 'Compétent', 'Management', 8);
INSERT INTO  "Apprentissage" VALUES ('Développer en programmation orientée objet.', 'Programme de recherche opérationnelle.', true, true, 'Faire des classes et des méthodes associées à ces classes dans un programme informatique.', 'Compétent', 'Science', 8);
INSERT INTO  "Apprentissage" VALUES ('Etablir une démarche de recherche.', 'Mettre plus longtemps à trouver la solution exacte ou trouver rapidement une solution approchée.', true, true, 'Faire le choix de la démarche à suivre pour résoudre le problème posé et être capable de justifier ce choix.', 'Compétent', 'Science', 8);
INSERT INTO  "Apprentissage" VALUES ('Modéliser un problème.', 'Modéliser un problème en termes mathématiques, sous forme d’UML ou formuler la signature de la fonction à écrire.', true, true, 'Retranscrire un problème concret en un modèle plus simple et exploitable.', 'Compétent', 'Science', 8);
INSERT INTO  "Apprentissage" VALUES ('Ecrire une documentation professionnelle.', 'Documentation React.', true, true, 'Commenter son code et expliquer le bon fonctionnement du projet de façon exhaustive.', 'Compétent', 'Science', 8);
INSERT INTO  "Apprentissage" VALUES ('Se former scientifiquement en autonomie.', 'Suivre et valider un MOOC pour monter en compétences sur des technologies comme le cloud ou l’IOT.', true, true, 'Savoir se former scientifiquement et technologiquement sans aide de l’école.', 'Compétent', 'Science', 8);
INSERT INTO  "Apprentissage" VALUES ('Réaliser un état de l''art. OBSOLÈTE!', 'Etat de l’art sur l’étude de l’évolution de la fertilité dans le monde sur les 100 dernières années.', false, true, 'Donner l’état des connaissances sur un sujet à un instant donné.', 'Compétent', 'Science', 8);
INSERT INTO  "Apprentissage" VALUES ('Utiliser a bon escient un conteneur (analyser, choisir et déployer).', 'Mettre en place un conteneur docker ayant les bonnes librairies afin de faire fonctionner du code sur son OS.', true, false, 'Utiliser un conteneur adapté au développement et au bon fonctionnement d''un programme informatique selon son environnement.', 'Compétent', 'Science', 8);
INSERT INTO  "Apprentissage" VALUES ('Utiliser une base de données dans le cadre d’un projet informatique (concevoir, analyser, s’interfacer).', 'Modéliser un problème sous forme informatique (via Neo4j par exemple) grâce à des bases de données récupérées ou créées.', true, false, 'Utiliser une base de donnée adaptée à un projet.', 'Compétent', 'Science', 8);
INSERT INTO  "Apprentissage" VALUES ('Mettre en place un ETL.', 'Webscrapping.', true, false, 'Extraction, transformation, chargement (ETL), un processus automatisé qui prend les données brutes, extrait l''information nécessaire à l''analyse, la transforme en un format qui peut répondre aux besoins opérationnels et la charge dans un Data Warehouse.', 'Compétent', 'Science', 8);
INSERT INTO  "Apprentissage" VALUES ('Mettre en place une veille technologique.', 'Flux RSS, Newsfeed...', false, false, 'Mettre en place les outils de concentration de l''information qui permettent de rester au courant de l''état de l''art dans un domaine technologique.', 'Compétent', 'Science', 8);
INSERT INTO  "Apprentissage" VALUES ('Prototyper en Arduino ou Raspberry Pi', NULL, true, true, 'avoir un prototype fonctionnel et pertinent avec une Arduino ou Raspberry Pi', 'Compétent', 'Science', 9);
INSERT INTO  "Apprentissage" VALUES ('Choisir une technologie adaptée à un problème.', 'pôles /', false, false, 'qui tirent parti de', 'Avancé', 'Science', 8);
INSERT INTO  "Apprentissage" VALUES ('Se présenter efficacement.', 'Lors d’une conférence, d’une rencontre informelle, d’un salon ou d’un entretien d’embauche.', true, true, 'Se présenter soi-même et ses faits d’armes rapidement.', 'Intermédiaire', 'Communication', 8);
INSERT INTO  "Apprentissage" VALUES ('Contacter des experts.', 'Demander des informations sur le COVID à un chercheur spécialisé.', true, false, 'Contacter des personnes ayant de l''autorité dans leur domaine.', 'Intermédiaire', 'Conseil', 8);
INSERT INTO  "Apprentissage" VALUES ('Définir des personae', 'L’utilisateur jeune type veut que mon application soit rapide.', true, true, 'Réaliser un ensemble d’utilisateurs fictifs, au travers d’interviews et/ou de sondages, afin d’évaluer la pertinence du projet. Classer par ordre de pertinence au moins 3 personae', 'Intermédiaire', 'Innovation', 9);
INSERT INTO  "Apprentissage" VALUES ('Soutenir devant un jury', NULL, true, false, NULL, 'Compétent', 'Innovation', 9);
INSERT INTO  "Apprentissage" VALUES ('Motiver l''équipe.', 'Organiser des activités amusantes, encourager les membres ou s’assurer de leur bien-être.', true, false, 'Garder le moral de l''équipe au plus haut et pousser à la productivité.', 'Intermédiaire', 'Management', 8);
INSERT INTO  "Apprentissage" VALUES ('Développer en programmation orientée objet.', 'Programme de recherche opérationnelle.', true, true, 'Faire des classes et des méthodes associées à ces classes dans un programme informatique.', 'Compétent', 'Science', 8);
INSERT INTO  "Apprentissage" VALUES ('Détecter les opportunités stratégiques', 'Proposer à une banque d’utiliser la biométrie pour réduire la fraude', false, false, 'Identifier et lister les différentes technologies utilisées dans un projet.', 'Compétent', 'Science', 9);
INSERT INTO  "Apprentissage" VALUES ('Constituer une architecture de proposition technologique et stratégique', 'Convaincre des interlocuteurs clefs (responsables des pôles / Responsables techniques) d’adhérer au projet', true, true, 'Constituer une proposition qui prend en compte les dimensions importantes (temps, budget, risques, change management)', 'Compétent', 'Science', 9);
INSERT INTO  "Apprentissage" VALUES ('Vulgariser un projet', 'Faire comprendre un projet technique à une personne du comité exécutif', true, true, 'Vulgariser un projet technique pour qu’une personne à responsabilité n’ayant pas ou peu de background technique puisse comprendre un projet technique', 'Compétent', 'Science', 9);
INSERT INTO  "Apprentissage" VALUES ('S''affranchir de la syntaxe d''un langage pour comprendre le code.', 'Être capable de retranscrire en pseudo code ou de faire une code review.', false, false, 'Lire du code et comprendre ce qu’il fait, quel que soit le langage utilisé.', 'Compétent', 'Science', 9);
INSERT INTO  "Apprentissage" VALUES ('Produire un résultat de business intelligence avec du Big Data', NULL, false, false, 'Gérer un ensemble de données si volumineux que les traitements traditionnels ne fonctionnent pas.', 'Compétent', 'Science', 9);
INSERT INTO  "Apprentissage" VALUES ('Evaluer la qualité du code.', 'Lisibilité, efficacité ou modularité.', false, false, 'Être capable de juger de la qualité d''un code source.', 'Avancé', 'Science', 8);
INSERT INTO  "Apprentissage" VALUES ('Utiliser l''IA pour répondre à un problème', 'Utiliser des bibliothèques python pour faire un OCR (Reconnaissance optique de caractères)', false, false, 'Paramétrer, entrainer et mettre en place une IA pour répondre à un problème', 'Avancé', 'Science', 9);


INSERT INTO  "Intervenant" VALUES ('DEWILDE Anne');
INSERT INTO  "Intervenant" VALUES ('DUMEIGE Antoine');
INSERT INTO  "Intervenant" VALUES ('TAWA Antoine');
INSERT INTO  "Intervenant" VALUES ('JOLY Cédric');
INSERT INTO  "Intervenant" VALUES ('DUSCASTING Jean-Adrien');
INSERT INTO  "Intervenant" VALUES ('DUMETZ Jerôme');
INSERT INTO  "Intervenant" VALUES ('GIULIANI Fabien');
INSERT INTO  "Intervenant" VALUES ('OUYANG Hélène');
INSERT INTO  "Intervenant" VALUES ('LEVINE Jehna');
INSERT INTO  "Intervenant" VALUES ('LASKE Lionel');
INSERT INTO  "Intervenant" VALUES ('MORGADES Paul-Emile');
INSERT INTO  "Intervenant" VALUES ('MOUTAIB Ali');
INSERT INTO  "Intervenant" VALUES ('CHARLES Mehdi');
INSERT INTO  "Intervenant" VALUES ('SASSON Michel');
INSERT INTO  "Intervenant" VALUES ('GODRON Alexia');
INSERT INTO  "Intervenant" VALUES ('MATUSINEC Nicole');
INSERT INTO  "Intervenant" VALUES ('ABIDI Noreddine');
INSERT INTO  "Intervenant" VALUES ('GAUZENCE-DE-LASTOUR Paul-Henri');
INSERT INTO  "Intervenant" VALUES ('ARMANET Pierre');
INSERT INTO  "Intervenant" VALUES ('DUVAL Robin');
INSERT INTO  "Intervenant" VALUES ('SOLIGNAC Thomas');


INSERT INTO  "Cours" VALUES ('Agile', 'DUVAL Robin');
INSERT INTO  "Cours" VALUES ('Ambition et projet', 'ABIDI Noreddine');
INSERT INTO  "Cours" VALUES ('Analyse et gestion des risques', 'GIULIANI Fabien');
INSERT INTO  "Cours" VALUES ('Animation et Négociation', 'SASSON Michel');
INSERT INTO  "Cours" VALUES ('Atelier Méthodologie', 'SASSON Michel');
INSERT INTO  "Cours" VALUES ('Business english', 'MATUSINEC Nicole');
INSERT INTO  "Cours" VALUES ('Business English 2', 'MATUSINEC Nicole');
INSERT INTO  "Cours" VALUES ('Business Information', 'GIULIANI Fabien');
INSERT INTO  "Cours" VALUES ('Chiffrage de projet', 'LASKE Lionel');
INSERT INTO  "Cours" VALUES ('Code as an asset', 'JOLY Cédric');
INSERT INTO  "Cours" VALUES ('Data analyse', 'JOLY Cédric');
INSERT INTO  "Cours" VALUES ('Expression écrite professionnelle pour le consulting', 'LEVINE Jehna');
INSERT INTO  "Cours" VALUES ('Gestion des risques interculturels', 'DEWILDE Anne');
INSERT INTO  "Cours" VALUES ('IA / Problem Solving', 'SOLIGNAC Thomas');
INSERT INTO  "Cours" VALUES ('Intelligence économique', 'MOUTAIB Ali');
INSERT INTO  "Cours" VALUES ('Introduction Blockchain', 'ARMANET Pierre');
INSERT INTO  "Cours" VALUES ('Introduction à l’informatique quantique', 'DUSCASTING Jean-Adrien');
INSERT INTO  "Cours" VALUES ('JEE et frameworks', 'DUMEIGE Antoine');
INSERT INTO  "Cours" VALUES ('Knowledge Management + Consulting Essentials', 'TAWA Antoine');
INSERT INTO  "Cours" VALUES ('Livrable Professionnel', 'LEVINE Jehna');
INSERT INTO  "Cours" VALUES ('Management de l''innovation', 'SASSON Michel');
INSERT INTO  "Cours" VALUES ('MOOC', 'SASSON Michel');
INSERT INTO  "Cours" VALUES ('Python', 'JOLY Cédric');
INSERT INTO  "Cours" VALUES ('Python 2', 'JOLY Cédric');
INSERT INTO  "Cours" VALUES ('Recherche opérationnelle', 'CHARLES Mehdi');
INSERT INTO  "Cours" VALUES ('Référentiel / Survival kit S8', 'SASSON Michel');
INSERT INTO  "Cours" VALUES ('Référentiel / Survival kit S9', 'SASSON Michel');
INSERT INTO  "Cours" VALUES ('Sociologie des organisations', 'SASSON Michel');
INSERT INTO  "Cours" VALUES ('Tactique Militaire', 'GAUZENCE-DE-LASTOUR Paul-Henri');
INSERT INTO  "Cours" VALUES ('UX Design', 'OUYANG Hélène');
INSERT INTO  "Cours" VALUES ('Agile', 'DUVAL Robin');


INSERT INTO  "ApprentissageCours" VALUES ('Se présenter efficacement.', 'Business english');
INSERT INTO  "ApprentissageCours" VALUES ('Se présenter efficacement.', 'Ambition et projet');
INSERT INTO  "ApprentissageCours" VALUES ('Se présenter efficacement.', 'Business English 2');
INSERT INTO  "ApprentissageCours" VALUES ('Ecrire dans un français professionnel.', 'Livrable Professionnel');
INSERT INTO  "ApprentissageCours" VALUES ('Ecrire dans un français professionnel.', 'Recherche opérationnelle');
INSERT INTO  "ApprentissageCours" VALUES ('Faire le pitch d''un projet.', 'Management de l''innovation');
INSERT INTO  "ApprentissageCours" VALUES ('Faire le pitch d''un projet.', 'Business english');
INSERT INTO  "ApprentissageCours" VALUES ('Faire le pitch d''un projet.', 'Business English 2');
INSERT INTO  "ApprentissageCours" VALUES ('Faire une présentation à l''oral de qualité professionnelle en français.', 'Atelier Méthodologie');
INSERT INTO  "ApprentissageCours" VALUES ('Faire une présentation à l''oral de qualité professionnelle en français.', 'Référentiel / Survival kit S9');
INSERT INTO  "ApprentissageCours" VALUES ('Faire une présentation à l''oral de qualité professionnelle en français.', 'Référentiel / Survival kit S8');
INSERT INTO  "ApprentissageCours" VALUES ('Faire une présentation à l''oral de qualité professionnelle en anglais.', 'Business english');
INSERT INTO  "ApprentissageCours" VALUES ('Faire une présentation à l''oral de qualité professionnelle en anglais.', 'Business English 2');
INSERT INTO  "ApprentissageCours" VALUES ('Faire une présentation à l''oral de qualité professionnelle en anglais.', 'Référentiel / Survival kit S9');
INSERT INTO  "ApprentissageCours" VALUES ('Faire une présentation à l''oral de qualité professionnelle en anglais.', 'Référentiel / Survival kit S8');
INSERT INTO  "ApprentissageCours" VALUES ('Produire un livrable de qualité professionnelle.', 'Référentiel / Survival kit S9');
INSERT INTO  "ApprentissageCours" VALUES ('Produire un livrable de qualité professionnelle.', 'Référentiel / Survival kit S8');
INSERT INTO  "ApprentissageCours" VALUES ('Produire un livrable de qualité professionnelle.', 'Livrable Professionnel');
INSERT INTO  "ApprentissageCours" VALUES ('Produire un livrable de qualité professionnelle.', 'Recherche opérationnelle');
INSERT INTO  "ApprentissageCours" VALUES ('Ecrire dans un anglais soutenu / pro.', 'Business english');
INSERT INTO  "ApprentissageCours" VALUES ('Ecrire dans un anglais soutenu / pro.', 'Business English 2');
INSERT INTO  "ApprentissageCours" VALUES ('Adapter le contenu d''un livrable au public cible.', 'Livrable Professionnel');
INSERT INTO  "ApprentissageCours" VALUES ('Animer un débat.', 'Animation et Négociation');
INSERT INTO  "ApprentissageCours" VALUES ('Adapter le contenu d''un livrable au public cible.', 'Gestion des risques interculturels');
INSERT INTO  "ApprentissageCours" VALUES ('Contacter des experts.', 'Référentiel / Survival kit S9');
INSERT INTO  "ApprentissageCours" VALUES ('Contacter des experts.', 'Référentiel / Survival kit S8');
INSERT INTO  "ApprentissageCours" VALUES ('Contacter des experts.', 'Business Information');
INSERT INTO  "ApprentissageCours" VALUES ('Sélectionner des sources d''information qualifiées.', 'Référentiel / Survival kit S9');
INSERT INTO  "ApprentissageCours" VALUES ('Sélectionner des sources d''information qualifiées.', 'Référentiel / Survival kit S8');
INSERT INTO  "ApprentissageCours" VALUES ('Sélectionner des sources d''information qualifiées.', 'Business Information');
INSERT INTO  "ApprentissageCours" VALUES ('Réaliser un benchmark et / ou état de l’art.', 'Référentiel / Survival kit S9');
INSERT INTO  "ApprentissageCours" VALUES ('Réaliser un benchmark et / ou état de l’art.', 'Référentiel / Survival kit S8');
INSERT INTO  "ApprentissageCours" VALUES ('Réaliser un benchmark et / ou état de l’art.', 'Business Information');
INSERT INTO  "ApprentissageCours" VALUES ('Identifier les besoins d’un client.', 'Knowledge Management + Consulting Essentials');
INSERT INTO  "ApprentissageCours" VALUES ('Identifier les besoins d’un client.', 'Chiffrage de projet');
INSERT INTO  "ApprentissageCours" VALUES ('Identifier les besoins d’un client.', 'IA / Problem Solving');
INSERT INTO  "ApprentissageCours" VALUES ('Décomposer un projet en sous taches et les estimer en charge de travail.', 'Chiffrage de projet');
INSERT INTO  "ApprentissageCours" VALUES ('Appliquer une méthodologie de conseil.', 'Knowledge Management + Consulting Essentials');
INSERT INTO  "ApprentissageCours" VALUES ('Réaliser une analyse systémique.', 'Sociologie des organisations');
INSERT INTO  "ApprentissageCours" VALUES ('Analyse des stratégies d''acteurs', 'Sociologie des organisations');
INSERT INTO  "ApprentissageCours" VALUES ('Mener un entretien semi-directif.', 'Sociologie des organisations');
INSERT INTO  "ApprentissageCours" VALUES ('Avoir une position critique par rapport à l’objet', 'Référentiel / Survival kit S9');
INSERT INTO  "ApprentissageCours" VALUES ('Identifier les considérations éthiques à aborder.', 'Référentiel / Survival kit S9');
INSERT INTO  "ApprentissageCours" VALUES ('Identifier les considérations éthiques à aborder.', 'Référentiel / Survival kit S8');
INSERT INTO  "ApprentissageCours" VALUES ('Concevoir une stratégie de gestion de risques (en étant autonome et / ou responsable).', 'IA / Problem Solving');
INSERT INTO  "ApprentissageCours" VALUES ('Analyser une entreprise à travers son dépôt de code.', 'Code as an asset');
INSERT INTO  "ApprentissageCours" VALUES ('Estimer avec précision la charge de travail d’une tâche.', 'Chiffrage de projet');
INSERT INTO  "ApprentissageCours" VALUES ('Réaliser une mission de conseil sur un problème complexe.', 'Knowledge Management + Consulting Essentials');
INSERT INTO  "ApprentissageCours" VALUES ('Définir des personae', 'UX Design');
INSERT INTO  "ApprentissageCours" VALUES ('Préparer le lancement d''un projet.', 'Atelier Méthodologie');
INSERT INTO  "ApprentissageCours" VALUES ('Imaginer une solution technique.', 'Chiffrage de projet');
INSERT INTO  "ApprentissageCours" VALUES ('Etablir un Business Model.', 'Management de l''innovation');
INSERT INTO  "ApprentissageCours" VALUES ('Créer un parcours utilisateur.', 'Chiffrage de projet');
INSERT INTO  "ApprentissageCours" VALUES ('Réaliser un projet innovant (en étant autonome et/ou responsable).', 'Management de l''innovation');
INSERT INTO  "ApprentissageCours" VALUES ('Tester l''UX', 'UX Design');
INSERT INTO  "ApprentissageCours" VALUES ('Réaliser une évaluation de l''UX', 'UX Design');
INSERT INTO  "ApprentissageCours" VALUES ('Réaliser un entretien non directif en présentiel', 'UX Design');
INSERT INTO  "ApprentissageCours" VALUES ('Soutenir devant un jury', 'UX Design');
INSERT INTO  "ApprentissageCours" VALUES ('Utiliser un tableau Moscow', 'UX Design');
INSERT INTO  "ApprentissageCours" VALUES ('Restituer une synthèse à partir d''une enquête de terrain', 'UX Design');
INSERT INTO  "ApprentissageCours" VALUES ('Motiver l''équipe.', 'Tactique Militaire');
INSERT INTO  "ApprentissageCours" VALUES ('S''assurer de la bonne compréhension du travail à faire.', 'Tactique Militaire');
INSERT INTO  "ApprentissageCours" VALUES ('Diriger des réunions professionnelles.', 'Animation et Négociation');
INSERT INTO  "ApprentissageCours" VALUES ('Mettre en place un système de Knowledge Management', 'Knowledge Management + Consulting Essentials');
INSERT INTO  "ApprentissageCours" VALUES ('Travailler en mode agile', 'Agile');
INSERT INTO  "ApprentissageCours" VALUES ('Gérer une équipe dans le cadre d''un projet en étant autonome et/ou responsable.', 'Agile');
INSERT INTO  "ApprentissageCours" VALUES ('Gérer une équipe dans le cadre d''un projet en étant autonome et/ou responsable.', 'Tactique Militaire');
INSERT INTO  "ApprentissageCours" VALUES ('Gérer une équipe dans le cadre d''un projet en étant autonome et/ou responsable.', 'Atelier Méthodologie');
INSERT INTO  "ApprentissageCours" VALUES ('Définir une méthodologie de travail pour le groupe.', 'Agile');
INSERT INTO  "ApprentissageCours" VALUES ('Définir une méthodologie de travail pour le groupe.', 'Tactique Militaire');
INSERT INTO  "ApprentissageCours" VALUES ('Définir une méthodologie de travail pour le groupe.', 'Atelier Méthodologie');
INSERT INTO  "ApprentissageCours" VALUES ('Planifier un événement, une action, un projet.', 'Tactique Militaire');
INSERT INTO  "ApprentissageCours" VALUES ('Maintenir une bonne cohésion de groupe.', 'Tactique Militaire');
INSERT INTO  "ApprentissageCours" VALUES ('Trancher en cas de conflit.', 'Tactique Militaire');
INSERT INTO  "ApprentissageCours" VALUES ('Trancher en cas de conflit.', 'Atelier Méthodologie');
INSERT INTO  "ApprentissageCours" VALUES ('Développer en programmation orientée objet.', 'Python');
INSERT INTO  "ApprentissageCours" VALUES ('Développer en programmation orientée objet.', 'Recherche opérationnelle');
INSERT INTO  "ApprentissageCours" VALUES ('Etablir une démarche de recherche.', 'Recherche opérationnelle');
INSERT INTO  "ApprentissageCours" VALUES ('Modéliser un problème.', 'Recherche opérationnelle');
INSERT INTO  "ApprentissageCours" VALUES ('Ecrire une documentation professionnelle.', 'Python');
INSERT INTO  "ApprentissageCours" VALUES ('Ecrire une documentation professionnelle.', 'Recherche opérationnelle');
INSERT INTO  "ApprentissageCours" VALUES ('Se former scientifiquement en autonomie.', 'MOOC');
INSERT INTO  "ApprentissageCours" VALUES ('Réaliser un état de l''art. OBSOLÈTE!', 'Business Information');
INSERT INTO  "ApprentissageCours" VALUES ('Utiliser a bon escient un conteneur (analyser, choisir et déployer).', 'Python');
INSERT INTO  "ApprentissageCours" VALUES ('Mettre en place un ETL.', 'Python');
INSERT INTO  "ApprentissageCours" VALUES ('Utiliser une base de données dans le cadre d’un projet informatique (concevoir, analyser, s’interfacer).', 'Python');
INSERT INTO  "ApprentissageCours" VALUES ('Utiliser une base de données dans le cadre d’un projet informatique (concevoir, analyser, s’interfacer).', 'Data analyse');
INSERT INTO  "ApprentissageCours" VALUES ('Mettre en place une veille technologique.', 'Business Information');
INSERT INTO  "ApprentissageCours" VALUES ('Prototyper en Arduino ou Raspberry Pi', 'UX Design');
INSERT INTO  "ApprentissageCours" VALUES ('Détecter les opportunités stratégiques', 'IA / Problem Solving');
INSERT INTO  "ApprentissageCours" VALUES ('Constituer une architecture de proposition technologique et stratégique', 'IA / Problem Solving');
INSERT INTO  "ApprentissageCours" VALUES ('Vulgariser un projet', 'IA / Problem Solving');
INSERT INTO  "ApprentissageCours" VALUES ('Choisir une technologie adaptée à un problème.', 'Data analyse');
INSERT INTO  "ApprentissageCours" VALUES ('S''affranchir de la syntaxe d''un langage pour comprendre le code.', 'Code as an asset');
INSERT INTO  "ApprentissageCours" VALUES ('Produire un résultat de business intelligence avec du Big Data', 'Data analyse');
INSERT INTO  "ApprentissageCours" VALUES ('Evaluer la qualité du code.', 'Code as an asset');
INSERT INTO  "ApprentissageCours" VALUES ('Utiliser l''IA pour répondre à un problème', 'Data analyse');
